-- phpMyAdmin SQL Dump
-- version 5.2.0
-- https://www.phpmyadmin.net/
--
-- Host: 127.0.0.1
-- Generation Time: May 10, 2023 at 06:09 AM
-- Server version: 10.4.27-MariaDB
-- PHP Version: 8.2.0

SET SQL_MODE = "NO_AUTO_VALUE_ON_ZERO";
START TRANSACTION;
SET time_zone = "+00:00";


/*!40101 SET @OLD_CHARACTER_SET_CLIENT=@@CHARACTER_SET_CLIENT */;
/*!40101 SET @OLD_CHARACTER_SET_RESULTS=@@CHARACTER_SET_RESULTS */;
/*!40101 SET @OLD_COLLATION_CONNECTION=@@COLLATION_CONNECTION */;
/*!40101 SET NAMES utf8mb4 */;

--
-- Database: `videostore`
--

-- --------------------------------------------------------

--
-- Table structure for table `item`
--

CREATE TABLE `item` (
  `item_id` int(11) NOT NULL,
  `status` varchar(30) NOT NULL DEFAULT 'available',
  `rent_p_day` decimal(4,2) NOT NULL,
  `item_type` varchar(30) NOT NULL,
  `movie_id` int(11) DEFAULT NULL
) ENGINE=InnoDB DEFAULT CHARSET=utf8 COLLATE=utf8_bin;

--
-- Dumping data for table `item`
--

INSERT INTO `item` (`item_id`, `status`, `rent_p_day`, `item_type`, `movie_id`) VALUES
(1, 'available', '1.00', 'DVD', 1),
(2, 'available', '1.00', 'DVD', 1),
(3, 'available', '1.00', 'DVD', 1),
(4, 'available', '1.00', 'DVD', 1),
(5, 'available', '1.00', 'BLURAY', 1),
(6, 'available', '1.00', 'BLURAY', 1),
(7, 'available', '1.00', 'BLURAY', 1),
(8, 'available', '1.00', 'BLURAY', 1),
(9, 'available', '1.00', 'DVD', 2),
(10, 'available', '1.00', 'DVD', 2),
(11, 'available', '1.00', 'DVD', 2),
(12, 'unavailable', '1.00', 'DVD', 2),
(13, 'available', '1.00', 'BLURAY', 2),
(14, 'available', '1.00', 'BLURAY', 2),
(15, 'available', '1.00', 'BLURAY', 2),
(16, 'available', '1.00', 'BLURAY', 2),
(17, 'available', '1.00', 'DVD', 3),
(18, 'available', '1.00', 'DVD', 3),
(19, 'available', '1.00', 'DVD', 3),
(20, 'available', '1.00', 'DVD', 3),
(21, 'available', '1.00', 'BLURAY', 3),
(22, 'available', '1.00', 'BLURAY', 3),
(23, 'available', '1.00', 'BLURAY', 3),
(24, 'available', '1.00', 'BLURAY', 3),
(25, 'available', '1.00', 'DVD', 4),
(26, 'available', '1.00', 'DVD', 4),
(27, 'available', '1.00', 'DVD', 4),
(28, 'available', '1.00', 'DVD', 4),
(29, 'available', '1.00', 'BLURAY', 4),
(30, 'available', '1.00', 'BLURAY', 4),
(31, 'available', '1.00', 'BLURAY', 4),
(32, 'available', '1.00', 'BLURAY', 4),
(33, 'available', '1.00', 'DVD', 5),
(34, 'available', '1.00', 'DVD', 5),
(35, 'available', '1.00', 'DVD', 5),
(36, 'available', '1.00', 'DVD', 5),
(37, 'available', '1.00', 'BLURAY', 5),
(38, 'available', '1.00', 'BLURAY', 5),
(39, 'available', '1.00', 'BLURAY', 5),
(40, 'available', '1.00', 'BLURAY', 5),
(41, 'available', '1.00', 'DVD', 6),
(42, 'available', '1.00', 'DVD', 6),
(43, 'available', '1.00', 'DVD', 6),
(44, 'available', '1.00', 'DVD', 6),
(45, 'available', '1.00', 'BLURAY', 6),
(46, 'available', '1.00', 'BLURAY', 6),
(47, 'available', '1.00', 'BLURAY', 6),
(48, 'available', '1.00', 'BLURAY', 6),
(49, 'available', '1.00', 'DVD', 7),
(50, 'available', '1.00', 'DVD', 7),
(51, 'available', '1.00', 'DVD', 7),
(52, 'available', '1.00', 'DVD', 7),
(53, 'available', '1.00', 'BLURAY', 8),
(54, 'available', '1.00', 'BLURAY', 8),
(55, 'available', '1.00', 'BLURAY', 8),
(56, 'available', '1.00', 'BLURAY', 8),
(57, 'available', '1.00', 'DVD', 9),
(58, 'available', '1.00', 'DVD', 9),
(59, 'available', '1.00', 'DVD', 9),
(60, 'available', '1.00', 'DVD', 9),
(61, 'available', '1.00', 'BLURAY', 9),
(62, 'available', '1.00', 'BLURAY', 9),
(63, 'available', '1.00', 'BLURAY', 9),
(64, 'available', '1.00', 'BLURAY', 9),
(65, 'available', '1.00', 'DVD', 10),
(66, 'available', '1.00', 'DVD', 10),
(67, 'available', '1.00', 'DVD', 10),
(68, 'available', '1.00', 'DVD', 10),
(69, 'available', '1.00', 'BLURAY', 10),
(70, 'available', '1.00', 'BLURAY', 10),
(71, 'available', '1.00', 'BLURAY', 10),
(72, 'available', '1.00', 'BLURAY', 10),
(73, 'available', '1.00', 'DVD', 11),
(74, 'available', '1.00', 'DVD', 11),
(75, 'available', '1.00', 'DVD', 11),
(76, 'available', '1.00', 'DVD', 11),
(77, 'available', '1.00', 'BLURAY', 11),
(78, 'available', '1.00', 'BLURAY', 11),
(79, 'available', '1.00', 'BLURAY', 11),
(80, 'available', '1.00', 'BLURAY', 11),
(81, 'available', '1.00', 'DVD', 12),
(82, 'available', '1.00', 'DVD', 12),
(83, 'available', '1.00', 'DVD', 12),
(84, 'available', '1.00', 'DVD', 12),
(85, 'available', '1.00', 'BLURAY', 12),
(86, 'available', '1.00', 'BLURAY', 12),
(87, 'available', '1.00', 'BLURAY', 12),
(88, 'available', '1.00', 'BLURAY', 12),
(89, 'available', '1.00', 'DVD', 13),
(90, 'available', '1.00', 'DVD', 13),
(91, 'available', '1.00', 'DVD', 13),
(92, 'available', '1.00', 'DVD', 13),
(93, 'available', '1.00', 'BLURAY', 13),
(94, 'available', '1.00', 'BLURAY', 13),
(95, 'available', '1.00', 'BLURAY', 13),
(96, 'available', '1.00', 'BLURAY', 13),
(97, 'available', '1.00', 'DVD', 14),
(98, 'available', '1.00', 'DVD', 14),
(99, 'available', '1.00', 'DVD', 14),
(100, 'available', '1.00', 'DVD', 14),
(101, 'available', '1.00', 'BLURAY', 14),
(102, 'available', '1.00', 'BLURAY', 14),
(103, 'available', '1.00', 'BLURAY', 14),
(104, 'available', '1.00', 'BLURAY', 14),
(105, 'available', '1.00', 'DVD', 15),
(106, 'available', '1.00', 'DVD', 15),
(107, 'available', '1.00', 'DVD', 15),
(108, 'available', '1.00', 'DVD', 15),
(109, 'available', '1.00', 'BLURAY', 15),
(110, 'available', '1.00', 'BLURAY', 15),
(111, 'available', '1.00', 'BLURAY', 15),
(112, 'available', '1.00', 'BLURAY', 15),
(113, 'available', '1.00', 'DVD', 16),
(114, 'available', '1.00', 'DVD', 16),
(115, 'available', '1.00', 'DVD', 16),
(116, 'available', '1.00', 'DVD', 16),
(117, 'available', '1.00', 'BLURAY', 16),
(118, 'available', '1.00', 'BLURAY', 16),
(119, 'available', '1.00', 'BLURAY', 16),
(120, 'available', '1.00', 'BLURAY', 16),
(121, 'available', '1.00', 'DVD', 17),
(122, 'available', '1.00', 'DVD', 17),
(123, 'available', '1.00', 'DVD', 17),
(124, 'available', '1.00', 'DVD', 17),
(125, 'available', '1.00', 'BLURAY', 18),
(126, 'available', '1.00', 'BLURAY', 18),
(127, 'available', '1.00', 'BLURAY', 18),
(128, 'available', '1.00', 'BLURAY', 18),
(129, 'available', '1.00', 'DVD', 19),
(130, 'available', '1.00', 'DVD', 19),
(131, 'available', '1.00', 'DVD', 19),
(132, 'available', '1.00', 'DVD', 19),
(133, 'available', '1.00', 'BLURAY', 19),
(134, 'available', '1.00', 'BLURAY', 19),
(135, 'available', '1.00', 'BLURAY', 19),
(136, 'available', '1.00', 'BLURAY', 19),
(137, 'available', '1.00', 'DVD', 20),
(138, 'available', '1.00', 'DVD', 20),
(139, 'available', '1.00', 'DVD', 20),
(140, 'available', '1.00', 'DVD', 20),
(141, 'available', '1.00', 'BLURAY', 20),
(142, 'available', '1.00', 'BLURAY', 20),
(143, 'available', '1.00', 'BLURAY', 20),
(144, 'available', '1.00', 'BLURAY', 20),
(145, 'available', '1.00', 'DVD', 21),
(146, 'available', '1.00', 'DVD', 21),
(147, 'available', '1.00', 'DVD', 21),
(148, 'available', '1.00', 'DVD', 21),
(149, 'available', '1.00', 'BLURAY', 21),
(150, 'available', '1.00', 'BLURAY', 21),
(151, 'available', '1.00', 'BLURAY', 21),
(152, 'available', '1.00', 'BLURAY', 21),
(153, 'available', '2.50', 'PLAYER', 22),
(154, 'available', '2.50', 'PLAYER', 22),
(155, 'available', '2.50', 'PLAYER', 22),
(156, 'available', '2.50', 'PLAYER', 22),
(157, 'available', '2.50', 'PLAYER', 22),
(158, 'available', '2.50', 'PLAYER', 22),
(159, 'available', '2.50', 'PLAYER', 22);

-- --------------------------------------------------------

--
-- Table structure for table `member`
--

CREATE TABLE `member` (
  `member_id` int(11) NOT NULL,
  `member_first_name` varchar(50) NOT NULL,
  `member_last_name` varchar(50) NOT NULL,
  `member_email` varchar(50) NOT NULL,
  `member_username` varchar(50) NOT NULL,
  `member_password` varchar(50) NOT NULL,
  `is_admin` tinyint(1) NOT NULL DEFAULT 0
) ENGINE=InnoDB DEFAULT CHARSET=utf8 COLLATE=utf8_bin;

--
-- Dumping data for table `member`
--

INSERT INTO `member` (`member_id`, `member_first_name`, `member_last_name`, `member_email`, `member_username`, `member_password`, `is_admin`) VALUES
(1, 'Psyche', 'Younus', 'psychuout@gmail.com', 'psychic', 'SunFlower1@3$', 1),
(2, 'Dora', 'Explora', 'doradora@outlook.com', 'adorable', 'NoSwiping24', 1),
(3, 'Mariana', 'Petrel', 'riabird@proton.me', 'riachan', 'EagleEye68', 1),
(4, 'Profesor', 'Ricarudo', 'srricardito@gmail.com', 'richie', 'aprendeR35', 0),
(5, 'Michelle', 'Avana', 'mishavana@aol.com', 'biscuitjr', 'CookieYum46', 0),
(6, 'Truck', 'Aggarwal', 'truckerboy123@gmail.com', 'truckkun', 'IseKAIman69', 0),
(7, 'Ramen', 'Somany', 'somuchramen@outlook.com', 'noodles', 'SendNoods3456', 0),
(8, 'Moist', 'Von Lipwig', 'goldenmail@outlook.com', 'argent', 'Conmanager80', 0),
(9, 'Jam', 'Seraphine', 'sjamsine@gmail.com', 'jellyg', 'PeanutButter91', 0),
(10, 'Banana', 'Sugar', 'banananas@outlook.com', 'sugapie', 'MinionGru02', 0),
(11, 'Maurice', 'Wiseman', 'nineliveslover@outlook.com', 'catboy', 'YummRat12', 0),
(12, 'Harriet', 'Porber', 'bychucktingle@gmail.com', 'dinolvr', 'BadBoyPar23', 0),
(13, 'Alice', 'Wonderland', 'foreverlost@yahoo.com', 'bigsmall', 'DrinkMe45', 0),
(14, 'Fixer', 'One', 'fixone@gmail.com', 'onefix', 'qwert123', 0),
(15, 'Fixer', 'Two', 'fixtwo@gmail.com', 'twofix', 'qwert234', 0),
(16, 'Fixer', 'Three', 'fixthree@gmail.com', 'threefix', 'qwert345', 0),
(17, 'Madison', 'Hatter', 'teapartyanimal@gmail.com', 'hatman', 'CrazyBeverage34', 0),
(18, 'Gem', 'Heartland', 'gemheart@aol.com', 'jeweljem', 'ChasmFiend56', 0),
(19, 'Kvothe', 'Bloodless', 'tooextra2btrue@proton.me', 'barkeep', 'EdemahRuh67', 0),
(20, 'Alice', 'Faerie', 'neverfound@yahoo.com', 'smallbig', 'EatMe78', 0),
(21, 'Mark', 'Avana', 'mikavana@aol.com', 'biscuitsr', 'YumCookie89', 0),
(22, 'Sierra', 'Younus', 'highsierra@outlook.com', 'nevada', 'GoodBunny90', 0),
(23, 'Fixer', 'Four', 'fixfour@gmail.com', 'fourfix', 'qwert456', 0),
(24, 'Fixer', 'Five', 'fixfive@gmail.com', 'fivefix', 'qwert567', 0),
(25, 'Fixer', 'Six', 'fixsix@gmail.com', 'sixfix', 'qwert678', 0),
(26, 'Deku', 'Izuku', 'deckurface@gmail.com', 'allmightjr', 'PlusUltra6789', 0),
(27, 'Kenma', 'Kozume', 'catboyplayer@gmail.com', 'nekokun', 'NekomaSlay7890', 0),
(28, 'Sebastian', 'Michaelis', 'givemeyoursoul@aol.com', 'father', 'CielSoulYum8901', 0),
(29, 'Juliet', 'Romera', 'dumbwaystodie@yahoo.com', 'jcapulet', 'LetMeLive9012', 0),
(30, 'Inej', 'Brekker', 'tightropewalker@proton.me', 'dancer', 'KazLove0123', 0);

-- --------------------------------------------------------

--
-- Table structure for table `movie`
--

CREATE TABLE `movie` (
  `movie_id` int(11) NOT NULL,
  `movie_genre` varchar(30) NOT NULL,
  `movie_title` varchar(50) NOT NULL,
  `movie_year` year(4) NOT NULL,
  `movie_director` varchar(50) NOT NULL,
  `movie_actor1` varchar(50) NOT NULL,
  `movie_actor2` varchar(50) NOT NULL
) ENGINE=InnoDB DEFAULT CHARSET=utf8 COLLATE=utf8_bin;

--
-- Dumping data for table `movie`
--

INSERT INTO `movie` (`movie_id`, `movie_genre`, `movie_title`, `movie_year`, `movie_director`, `movie_actor1`, `movie_actor2`) VALUES
(1, 'Adventure', 'Princess Bride, The', 1987, 'Rob Reiner', 'Cary Elwes', 'Robin Wright'),
(2, 'Spy', 'Man From UNCLE, The', 2015, 'Guy Ritchie', 'Henry Caville', 'Armie Hammer'),
(3, 'Adventure', 'Mulan', 1998, 'Barry Cook', 'Ming-Na Wen', 'Eddie Murphy'),
(4, 'Comedy', 'Alvin and the Chipmunks', 2007, 'Tim Hill', 'Jason Lee', 'David Cross'),
(5, 'Comedy', 'Trading Places', 1983, 'John Landis', 'Dan Aykroud', 'Eddie Murphy'),
(6, 'Comedy', 'Coming to America', 1988, 'John Landis', 'Eddie Murphy', 'Arsenio Hall'),
(7, 'Fanstasy', 'Shrek', 2001, 'Andrew Adamson', 'Mike Meyers', 'Cameron Diaz'),
(8, 'Adventure', 'Robin Hood Men in Tights', 1993, 'Mel Brooks', 'Cary Elwes', 'Richard Lewis'),
(9, 'Action', 'Hunger Games, The', 2012, 'Gary Ross', 'Jennifer Lawrence', 'Josh Hutcherson'),
(10, 'Fantasy', 'Shrek 2', 2004, 'Andrew Adamson', 'Mike Meyers', 'Antonio Banderas'),
(11, 'Horror', 'Frankenstein', 1931, 'James Whale', 'Colin Clive', 'Boris Karloff'),
(12, 'Horror', 'Dracula', 1931, 'Tom Browning', 'Bela Lugosi', 'David Manners'),
(13, 'Horror', 'Get Out', 2017, 'Jordan Peele', 'Daniel Kaluuya', 'Allison Williams'),
(14, 'Romance', 'Crazy Stupid Love', 2011, 'Glen Ficarra', 'Steve Carell', 'Ryan Gosling'),
(15, 'Thriller', 'Cocaine Bear', 2023, 'Elizabeth Banks', 'Keri Russel', 'Christian Convery'),
(16, 'Spy', 'Mission Impossible', 1996, 'Brian De Palma', 'Tom Cruise', 'Jon Voight'),
(17, 'Spy', 'Mission Impossible 2', 2000, 'John Woo', 'Tom Cruise', 'Dougray Scott'),
(18, 'Fantasy', 'Puss in Boots', 2011, 'Chris Miller', 'Antonio Banderas', 'Salma Hayek'),
(19, 'Superhero', 'Iron Man', 2008, 'Jon Favreau', 'Robert Downey Jr', 'Terrence Howard'),
(20, 'Superhero', 'Hulk', 2003, 'Ang Lee', 'Eric Bana', 'Jennifer Connely'),
(21, 'Drama', 'Beautiful Mind, A', 2001, 'Ron Howard', 'Russel Crowe', 'Ed Harris'),
(22, 'SONY', 'PLAYER', 2010, 'None', 'None', 'None');

-- --------------------------------------------------------

--
-- Table structure for table `store`
--

CREATE TABLE `store` (
  `store_id` int(11) NOT NULL,
  `store_phone` varchar(10) NOT NULL,
  `store_street1` varchar(50) NOT NULL,
  `store_street2` varchar(50) NOT NULL,
  `store_city` varchar(30) NOT NULL,
  `store_state` varchar(30) NOT NULL,
  `store_zipcode` varchar(5) NOT NULL
) ENGINE=InnoDB DEFAULT CHARSET=utf8 COLLATE=utf8_bin;

--
-- Dumping data for table `store`
--

INSERT INTO `store` (`store_id`, `store_phone`, `store_street1`, `store_street2`, `store_city`, `store_state`, `store_zipcode`) VALUES
(1, '7731234567', '1776 Windy City St', 'FL 27', 'Chicago', 'Illinois', '60601'),
(2, '8479876543', '1857 Cool College Rd', '', 'Lake Forest', 'Illinois', '60045'),
(3, '2624561237', '6666 Spooky Dr', 'FL 01', 'Kenosha', 'Wisconsin', '53140');

-- --------------------------------------------------------

--
-- Table structure for table `transaction`
--

CREATE TABLE `transaction` (
  `tran_id` int(11) NOT NULL,
  `tran_date` date DEFAULT NULL,
  `tran_type` varchar(30) DEFAULT NULL,
  `item_id` int(11) DEFAULT NULL,
  `store_id` int(11) DEFAULT NULL,
  `member_id` int(11) DEFAULT NULL
) ENGINE=InnoDB DEFAULT CHARSET=utf8 COLLATE=utf8_bin;

--
-- Dumping data for table `transaction`
--

INSERT INTO `transaction` (`tran_id`, `tran_date`, `tran_type`, `item_id`, `store_id`, `member_id`) VALUES
(1, '2022-01-01', 'borrow', 1, 1, 1),
(2, '2022-01-10', 'return', 1, 1, 1),
(3, '2022-02-01', 'borrow', 1, 2, 2),
(4, '2022-02-05', 'return', 1, 2, 2),
(5, '2022-03-01', 'borrow', 2, 3, 3),
(6, '2022-03-10', 'return', 2, 3, 3),
(7, '2022-04-01', 'borrow', 2, 1, 4),
(8, '2022-04-10', 'return', 2, 1, 4),
(9, '2022-05-01', 'borrow', 2, 2, 5),
(10, '2022-05-15', 'return', 2, 2, 5),
(11, '2022-06-01', 'borrow', 2, 3, 6),
(12, '2022-06-25', 'return', 2, 3, 6),
(13, '2022-07-01', 'reserve', 3, 1, 7),
(14, '2022-07-04', 'unreserve', 3, 1, 7),
(15, '2022-08-01', 'reserve', 3, 2, 8),
(16, '2022-08-03', 'unreserve', 3, 2, 8),
(17, '2022-09-01', 'borrow', 4, 3, 9),
(18, '2022-09-10', 'return', 4, 3, 9),
(19, '2022-10-01', 'reserve', 4, 1, 10),
(20, '2022-10-04', 'unreserve', 4, 1, 10),
(73, '2023-01-20', 'borrow', 5, 3, 2),
(74, '2023-01-25', 'return', 5, 3, 2),
(75, '2023-02-01', 'borrow', 5, 1, 3),
(76, '2023-02-05', 'return', 5, 1, 3),
(77, '2023-02-10', 'borrow', 5, 2, 4),
(78, '2023-02-15', 'return', 5, 2, 4),
(79, '2023-02-20', 'borrow', 5, 3, 5),
(80, '2023-02-25', 'return', 5, 3, 5),
(81, '2023-03-01', 'reserve', 6, 1, 6),
(82, '2023-03-04', 'unreserve', 6, 1, 6),
(83, '2023-03-10', 'reserve', 6, 2, 7),
(84, '2023-03-13', 'unreserve', 6, 2, 7),
(85, '2023-03-20', 'reserve', 6, 3, 8),
(86, '2023-03-23', 'unreserve', 6, 3, 8),
(87, '2023-03-30', 'borrow', 7, 1, 9),
(88, '2023-04-02', 'return', 7, 1, 9),
(89, '2023-04-05', 'borrow', 7, 2, 10),
(90, '2023-04-10', 'return', 7, 2, 10),
(91, '2023-04-15', 'borrow', 8, 3, 11),
(92, '2023-04-20', 'return', 8, 3, 11),
(93, '2023-04-25', 'borrow', 9, 1, 12),
(94, '2023-04-30', 'return', 9, 1, 12),
(95, '2023-05-01', 'borrow', 10, 2, 13),
(96, '2023-05-05', 'return', 10, 2, 13),
(283, '2022-04-15', 'borrow', 13, 2, 3),
(284, '2022-04-18', 'return', 13, 2, 3),
(285, '2021-07-10', 'reserve', 13, 3, 4),
(286, '2021-07-12', 'unreserve', 13, 3, 4),
(287, '2023-02-20', 'borrow', 13, 1, 5),
(288, '2023-03-10', 'return', 13, 1, 5),
(289, '2020-12-25', 'borrow', 13, 2, 6),
(290, '2020-12-30', 'return', 13, 2, 6),
(291, '2022-08-05', 'reserve', 14, 3, 7),
(292, '2022-08-07', 'unreserve', 14, 3, 7),
(293, '2020-10-12', 'borrow', 14, 1, 8),
(294, '2020-11-08', 'return', 14, 1, 8),
(295, '2021-04-25', 'borrow', 14, 2, 9),
(296, '2021-05-20', 'return', 14, 2, 9),
(297, '2022-01-10', 'borrow', 14, 3, 10),
(298, '2022-02-05', 'return', 14, 3, 10),
(299, '2021-11-25', 'borrow', 15, 1, 11),
(300, '2021-11-29', 'return', 15, 1, 11),
(301, '2022-06-18', 'reserve', 15, 2, 12),
(302, '2022-06-20', 'unreserve', 15, 2, 12),
(303, '2023-03-05', 'borrow', 15, 3, 13),
(304, '2023-03-20', 'return', 15, 3, 13),
(305, '2020-09-15', 'borrow', 15, 1, 14),
(306, '2020-09-20', 'return', 15, 1, 14),
(307, '2021-07-15', 'borrow', 16, 2, 3),
(308, '2021-07-25', 'return', 16, 2, 3),
(309, '2022-02-18', 'reserve', 16, 3, 4),
(310, '2022-02-20', 'unreserve', 16, 3, 4),
(311, '2023-04-10', 'borrow', 16, 1, 5),
(312, '2023-04-20', 'return', 16, 1, 5),
(313, '2020-11-28', 'borrow', 16, 2, 6),
(314, '2020-12-05', 'return', 16, 2, 6),
(315, '2023-02-01', 'reserve', 17, 3, 7),
(316, '2023-02-03', 'unreserve', 17, 3, 7),
(317, '2020-12-12', 'borrow', 17, 1, 8),
(318, '2020-12-25', 'return', 17, 1, 8),
(319, '2021-06-15', 'borrow', 17, 2, 9),
(320, '2021-07-10', 'return', 17, 2, 9),
(321, '2022-02-28', 'borrow', 17, 3, 10),
(322, '2022-03-10', 'return', 17, 3, 10),
(323, '2020-09-30', 'borrow', 18, 1, 11),
(324, '2020-10-10', 'return', 18, 1, 11),
(325, '2021-01-20', 'reserve', 18, 2, 12),
(326, '2021-01-22', 'unreserve', 18, 2, 12),
(327, '2023-03-15', 'borrow', 18, 3, 13),
(328, '2023-03-30', 'return', 18, 3, 13),
(329, '2021-08-05', 'borrow', 18, 1, 14),
(330, '2021-08-15', 'return', 18, 1, 14),
(331, '2022-01-10', 'borrow', 19, 2, 15),
(332, '2022-01-25', 'return', 19, 2, 15),
(333, '2022-05-20', 'borrow', 20, 3, 6),
(334, '2022-06-10', 'return', 20, 3, 6),
(335, '2023-01-05', 'reserve', 20, 1, 7),
(336, '2023-01-07', 'unreserve', 20, 1, 7),
(337, '2022-08-10', 'borrow', 21, 2, 8),
(338, '2022-08-20', 'return', 21, 2, 8),
(339, '2023-03-01', 'reserve', 21, 3, 9),
(340, '2023-03-03', 'unreserve', 21, 3, 9),
(341, '2021-12-15', 'borrow', 21, 1, 10),
(342, '2021-12-20', 'return', 21, 1, 10),
(343, '2022-06-25', 'borrow', 21, 2, 11),
(344, '2022-07-05', 'return', 21, 2, 11),
(345, '2021-09-10', 'borrow', 22, 3, 12),
(346, '2021-09-20', 'return', 22, 3, 12),
(347, '2022-04-01', 'reserve', 22, 1, 13),
(348, '2022-04-03', 'unreserve', 22, 1, 13),
(349, '2023-02-15', 'borrow', 22, 2, 14),
(350, '2023-03-10', 'return', 22, 2, 14),
(351, '2023-05-01', 'borrow', 23, 3, 15),
(353, '2021-08-12', 'reserve', 23, 1, 16),
(354, '2021-08-14', 'unreserve', 23, 1, 16),
(355, '2022-03-10', 'borrow', 23, 2, 17),
(356, '2022-03-25', 'return', 23, 2, 17),
(357, '2023-01-05', 'borrow', 23, 3, 18),
(358, '2023-01-20', 'return', 23, 3, 18),
(359, '2022-09-15', 'borrow', 24, 1, 9),
(360, '2022-09-30', 'return', 24, 1, 9),
(361, '2021-07-18', 'reserve', 24, 2, 10),
(362, '2021-07-20', 'unreserve', 24, 2, 10),
(363, '2023-04-10', 'borrow', 24, 3, 11),
(364, '2023-04-20', 'return', 24, 3, 11),
(365, '2021-11-25', 'borrow', 24, 1, 12),
(366, '2021-12-05', 'return', 24, 1, 12),
(367, '2022-03-18', 'borrow', 25, 2, 13),
(368, '2022-03-30', 'return', 25, 2, 13),
(369, '2023-01-01', 'reserve', 25, 3, 14),
(370, '2023-01-03', 'unreserve', 25, 3, 14),
(371, '2021-09-10', 'borrow', 25, 1, 15),
(372, '2021-09-20', 'return', 25, 1, 15),
(373, '2022-06-12', 'borrow', 26, 3, 16),
(374, '2022-06-25', 'return', 26, 3, 16),
(375, '2023-02-01', 'reserve', 26, 1, 17),
(376, '2023-02-03', 'unreserve', 26, 1, 17),
(377, '2021-12-15', 'borrow', 26, 2, 18),
(378, '2021-12-20', 'return', 26, 2, 18),
(379, '2022-09-05', 'borrow', 26, 3, 19),
(380, '2022-09-15', 'return', 26, 3, 19),
(381, '2023-03-10', 'borrow', 26, 1, 20),
(382, '2023-03-25', 'return', 26, 1, 20),
(383, '2021-10-10', 'borrow', 27, 2, 21),
(384, '2021-10-25', 'return', 27, 2, 21),
(385, '2022-11-12', 'borrow', 28, 1, 10),
(386, '2022-11-25', 'return', 28, 1, 10),
(389, '2021-10-15', 'borrow', 28, 3, 12),
(390, '2021-10-30', 'return', 28, 3, 12),
(391, '2022-04-18', 'borrow', 29, 2, 13),
(392, '2022-04-30', 'return', 29, 2, 13),
(393, '2023-02-05', 'reserve', 29, 3, 14),
(394, '2023-02-07', 'unreserve', 29, 3, 14),
(395, '2021-11-10', 'borrow', 29, 1, 15),
(396, '2021-11-20', 'return', 29, 1, 15),
(397, '2022-07-12', 'borrow', 30, 3, 16),
(398, '2022-07-25', 'return', 30, 3, 16),
(399, '2023-03-01', 'reserve', 30, 1, 17),
(400, '2023-03-03', 'unreserve', 30, 1, 17),
(401, '2021-12-15', 'borrow', 30, 2, 18),
(402, '2021-12-20', 'return', 30, 2, 18),
(403, '2022-09-05', 'borrow', 30, 3, 19),
(404, '2022-09-15', 'return', 30, 3, 19),
(405, '2023-03-10', 'borrow', 30, 1, 20),
(406, '2023-03-25', 'return', 30, 1, 20),
(407, '2021-12-10', 'borrow', 31, 2, 21),
(408, '2021-12-25', 'return', 31, 2, 21),
(409, '2022-06-01', 'reserve', 31, 3, 22),
(410, '2022-06-03', 'unreserve', 31, 3, 22),
(411, '2023-02-12', 'borrow', 32, 3, 12),
(412, '2023-02-25', 'return', 32, 3, 12),
(413, '2021-12-01', 'reserve', 32, 1, 13),
(414, '2021-12-03', 'unreserve', 32, 1, 13),
(415, '2022-09-10', 'borrow', 32, 2, 14),
(416, '2022-09-20', 'return', 32, 2, 14),
(417, '2022-05-18', 'borrow', 33, 2, 15),
(418, '2022-05-30', 'return', 33, 2, 15),
(419, '2023-02-05', 'reserve', 33, 3, 16),
(420, '2023-02-07', 'unreserve', 33, 3, 16),
(421, '2022-07-10', 'borrow', 34, 3, 17),
(422, '2022-07-20', 'return', 34, 3, 17),
(423, '2023-03-01', 'reserve', 34, 1, 18),
(424, '2023-03-03', 'unreserve', 34, 1, 18),
(425, '2022-01-15', 'borrow', 34, 2, 19),
(426, '2022-01-30', 'return', 34, 2, 19),
(427, '2023-04-10', 'borrow', 35, 3, 20),
(428, '2023-04-20', 'return', 35, 3, 20),
(429, '2022-02-01', 'reserve', 35, 1, 21),
(430, '2022-02-03', 'unreserve', 35, 1, 21),
(431, '2022-08-12', 'borrow', 36, 1, 10),
(432, '2022-08-25', 'return', 36, 1, 10),
(433, '2023-05-01', 'reserve', 36, 2, 11),
(434, '2023-05-03', 'unreserve', 36, 2, 11),
(435, '2022-11-15', 'borrow', 36, 3, 12),
(436, '2022-11-30', 'return', 36, 3, 12),
(437, '2022-04-18', 'borrow', 37, 2, 13),
(438, '2022-04-30', 'return', 37, 2, 13),
(439, '2023-02-05', 'reserve', 37, 3, 14),
(440, '2023-02-07', 'unreserve', 37, 3, 14),
(441, '2021-11-10', 'borrow', 37, 1, 15),
(442, '2021-11-20', 'return', 37, 1, 15),
(443, '2022-09-05', 'borrow', 37, 3, 16),
(444, '2022-09-15', 'return', 37, 3, 16),
(445, '2023-03-10', 'borrow', 37, 1, 17),
(446, '2023-03-25', 'return', 37, 1, 17),
(447, '2021-12-10', 'borrow', 38, 2, 18),
(448, '2021-12-25', 'return', 38, 2, 18),
(449, '2022-06-01', 'reserve', 38, 3, 19),
(450, '2022-06-03', 'unreserve', 38, 3, 19),
(451, '2023-01-15', 'borrow', 38, 1, 20),
(452, '2023-01-30', 'return', 38, 1, 20),
(453, '2022-08-05', 'borrow', 38, 2, 21),
(454, '2022-08-15', 'return', 38, 2, 21),
(455, '2023-02-10', 'borrow', 38, 3, 22),
(456, '2023-02-25', 'return', 38, 3, 22),
(457, '2022-07-12', 'borrow', 39, 1, 24),
(458, '2022-07-25', 'return', 39, 1, 24),
(459, '2023-04-01', 'reserve', 39, 2, 25),
(460, '2023-04-03', 'unreserve', 39, 2, 25),
(461, '2022-12-15', 'borrow', 39, 3, 26),
(462, '2022-12-30', 'return', 39, 3, 26),
(463, '2023-01-18', 'borrow', 40, 2, 27),
(464, '2023-01-30', 'return', 40, 2, 27),
(465, '2022-11-05', 'reserve', 40, 3, 28),
(466, '2022-11-07', 'unreserve', 40, 3, 28),
(467, '2021-10-10', 'borrow', 40, 1, 29),
(468, '2021-10-20', 'return', 40, 1, 29),
(469, '2022-08-05', 'borrow', 40, 2, 30),
(470, '2022-08-15', 'return', 40, 2, 30),
(477, '2022-07-12', 'borrow', 39, 1, 1),
(478, '2022-07-25', 'return', 39, 1, 1),
(479, '2023-04-01', 'reserve', 39, 2, 2),
(480, '2023-04-03', 'unreserve', 39, 2, 2),
(481, '2023-01-18', 'borrow', 40, 2, 3),
(482, '2023-01-30', 'return', 40, 2, 3),
(483, '2022-11-05', 'reserve', 40, 3, 4),
(484, '2022-11-07', 'unreserve', 40, 3, 4),
(485, '2021-10-10', 'borrow', 40, 1, 5),
(486, '2021-10-20', 'return', 40, 1, 5),
(487, '2022-12-10', 'borrow', 41, 3, 6),
(488, '2022-12-25', 'return', 41, 3, 6),
(491, '2023-03-20', 'borrow', 42, 2, 8),
(492, '2023-03-27', 'return', 42, 2, 8),
(493, '2022-08-15', 'reserve', 42, 3, 9),
(494, '2022-08-17', 'unreserve', 42, 3, 9),
(495, '2023-01-10', 'borrow', 42, 1, 10),
(496, '2023-01-20', 'return', 42, 1, 10),
(497, '2022-10-02', 'borrow', 43, 3, 11),
(498, '2022-10-15', 'return', 43, 3, 11),
(501, '2022-09-10', 'borrow', 43, 2, 13),
(502, '2022-09-20', 'return', 43, 2, 13),
(503, '2022-12-18', 'borrow', 44, 1, 14),
(504, '2022-12-31', 'return', 44, 1, 14),
(505, '2023-02-05', 'reserve', 44, 2, 15),
(506, '2023-02-07', 'unreserve', 44, 2, 15),
(507, '2022-11-10', 'borrow', 44, 3, 16),
(508, '2022-11-25', 'return', 44, 3, 16),
(509, '2023-04-10', 'borrow', 45, 2, 17),
(510, '2023-04-25', 'return', 45, 2, 17),
(511, '2022-07-05', 'reserve', 45, 3, 18),
(512, '2022-07-07', 'unreserve', 45, 3, 18),
(513, '2022-12-20', 'borrow', 45, 1, 19),
(514, '2022-12-31', 'return', 45, 1, 19),
(515, '2023-05-01', 'borrow', 45, 1, 20),
(517, '2022-12-03', 'reserve', 45, 2, 21),
(518, '2022-12-05', 'unreserve', 45, 2, 21),
(519, '2023-03-07', 'borrow', 45, 3, 22),
(520, '2023-03-15', 'return', 45, 3, 22),
(521, '2022-09-01', 'borrow', 46, 3, 23),
(522, '2022-09-10', 'return', 46, 3, 23),
(523, '2023-01-07', 'reserve', 46, 1, 24),
(524, '2023-01-09', 'unreserve', 46, 1, 24),
(525, '2022-10-20', 'borrow', 46, 2, 25),
(526, '2022-10-30', 'return', 46, 2, 25),
(527, '2023-04-15', 'borrow', 47, 2, 26),
(528, '2023-04-25', 'return', 47, 2, 26),
(529, '2022-07-03', 'reserve', 47, 3, 27),
(530, '2022-07-05', 'unreserve', 47, 3, 27),
(531, '2023-01-15', 'borrow', 47, 1, 28),
(532, '2023-01-30', 'return', 47, 1, 28),
(533, '2022-11-12', 'borrow', 48, 1, 29),
(534, '2022-11-25', 'return', 48, 1, 29),
(535, '2023-03-01', 'reserve', 48, 2, 30),
(536, '2023-03-03', 'unreserve', 48, 2, 30),
(537, '2022-12-10', 'borrow', 48, 3, 1),
(538, '2022-12-20', 'return', 48, 3, 1),
(539, '2022-12-01', 'borrow', 49, 3, 2),
(540, '2022-12-10', 'return', 49, 3, 2),
(541, '2023-02-07', 'reserve', 49, 1, 3),
(542, '2023-02-09', 'unreserve', 49, 1, 3),
(543, '2022-11-15', 'borrow', 49, 2, 4),
(544, '2022-11-25', 'return', 49, 2, 4),
(545, '2023-04-10', 'borrow', 50, 2, 5),
(546, '2023-04-20', 'return', 50, 2, 5),
(547, '2022-08-10', 'reserve', 50, 3, 6),
(548, '2022-08-12', 'unreserve', 50, 3, 6),
(549, '2023-02-20', 'borrow', 50, 1, 7),
(550, '2023-02-28', 'return', 50, 1, 7),
(551, '2022-10-05', 'borrow', 51, 1, 8),
(552, '2022-10-15', 'return', 51, 1, 8),
(553, '2023-03-10', 'reserve', 51, 2, 9),
(554, '2023-03-12', 'unreserve', 51, 2, 9),
(555, '2022-09-20', 'borrow', 51, 3, 10),
(556, '2022-09-30', 'return', 51, 3, 10),
(557, '2022-11-01', 'borrow', 52, 1, 11),
(558, '2022-11-10', 'return', 52, 1, 11),
(559, '2023-01-07', 'reserve', 52, 2, 12),
(560, '2023-01-09', 'unreserve', 52, 2, 12),
(561, '2022-12-15', 'borrow', 52, 3, 13),
(562, '2022-12-25', 'return', 52, 3, 13),
(563, '2023-03-15', 'borrow', 53, 3, 14),
(564, '2023-03-25', 'return', 53, 3, 14),
(565, '2022-08-07', 'reserve', 53, 1, 15),
(566, '2022-08-09', 'unreserve', 53, 1, 15),
(567, '2023-01-20', 'borrow', 53, 2, 16),
(568, '2023-01-28', 'return', 53, 2, 16),
(569, '2022-12-05', 'borrow', 54, 2, 17),
(570, '2022-12-15', 'return', 54, 2, 17),
(571, '2023-02-10', 'reserve', 54, 3, 18),
(572, '2023-02-12', 'unreserve', 54, 3, 18),
(573, '2022-10-20', 'borrow', 54, 1, 19),
(574, '2022-10-30', 'return', 54, 1, 19),
(575, '2023-04-01', 'borrow', 55, 1, 20),
(576, '2023-04-10', 'return', 55, 1, 20),
(577, '2022-07-07', 'reserve', 55, 2, 21),
(578, '2022-07-09', 'unreserve', 55, 2, 21),
(579, '2023-02-15', 'borrow', 55, 3, 22),
(580, '2023-02-25', 'return', 55, 3, 22),
(581, '2022-11-01', 'borrow', 55, 3, 23),
(582, '2022-11-10', 'return', 55, 3, 23),
(583, '2023-01-07', 'reserve', 55, 1, 24),
(584, '2023-01-09', 'unreserve', 55, 1, 24),
(585, '2022-12-15', 'borrow', 55, 2, 25),
(586, '2022-12-25', 'return', 55, 2, 25),
(587, '2023-03-15', 'borrow', 56, 2, 26),
(588, '2023-03-25', 'return', 56, 2, 26),
(589, '2022-08-07', 'reserve', 56, 3, 27),
(590, '2022-08-09', 'unreserve', 56, 3, 27),
(591, '2023-01-20', 'borrow', 56, 1, 28),
(592, '2023-01-28', 'return', 56, 1, 28),
(593, '2022-12-05', 'borrow', 57, 1, 29),
(594, '2022-12-15', 'return', 57, 1, 29),
(595, '2023-02-10', 'reserve', 57, 2, 30),
(596, '2023-02-12', 'unreserve', 57, 2, 30),
(597, '2022-10-20', 'borrow', 57, 3, 1),
(598, '2022-10-30', 'return', 57, 3, 1),
(599, '2023-04-01', 'borrow', 58, 3, 2),
(600, '2023-04-10', 'return', 58, 3, 2),
(601, '2022-07-07', 'reserve', 58, 1, 3),
(602, '2022-07-09', 'unreserve', 58, 1, 3),
(603, '2023-02-15', 'borrow', 58, 2, 4),
(604, '2023-02-25', 'return', 58, 2, 4),
(605, '2023-01-10', 'borrow', 59, 2, 5),
(606, '2023-01-20', 'return', 59, 2, 5),
(607, '2022-11-07', 'reserve', 59, 3, 6),
(608, '2022-11-09', 'unreserve', 59, 3, 6),
(609, '2023-02-15', 'borrow', 59, 1, 7),
(610, '2023-02-25', 'return', 59, 1, 7),
(611, '2022-12-05', 'borrow', 60, 3, 8),
(612, '2022-12-15', 'return', 60, 3, 8),
(613, '2023-03-10', 'reserve', 60, 1, 9),
(614, '2023-03-12', 'unreserve', 60, 1, 9),
(615, '2022-10-20', 'borrow', 60, 2, 10),
(616, '2022-10-30', 'return', 60, 2, 10),
(617, '2023-04-01', 'borrow', 61, 2, 11),
(618, '2023-04-10', 'return', 61, 2, 11),
(619, '2022-07-07', 'reserve', 61, 3, 12),
(620, '2022-07-09', 'unreserve', 61, 3, 12),
(621, '2023-02-15', 'borrow', 61, 1, 13),
(622, '2023-02-25', 'return', 61, 1, 13),
(647, '2022-10-10', 'borrow', 65, 1, 5),
(648, '2022-10-20', 'return', 65, 1, 5),
(649, '2022-10-25', 'reserve', 65, 2, 6),
(650, '2022-10-27', 'unreserve', 65, 2, 6),
(651, '2022-11-05', 'borrow', 65, 1, 6),
(652, '2022-11-15', 'return', 65, 1, 6),
(653, '2022-11-10', 'borrow', 66, 2, 7),
(654, '2022-11-20', 'return', 66, 2, 7),
(655, '2022-11-25', 'reserve', 66, 3, 8),
(656, '2022-11-27', 'unreserve', 66, 3, 8),
(657, '2022-12-05', 'borrow', 66, 1, 8),
(658, '2022-12-15', 'return', 66, 1, 8),
(659, '2022-12-10', 'borrow', 67, 3, 9),
(660, '2022-12-20', 'return', 67, 3, 9),
(661, '2022-12-25', 'reserve', 67, 1, 10),
(662, '2022-12-27', 'unreserve', 67, 1, 10),
(663, '2023-01-05', 'borrow', 67, 2, 10),
(664, '2023-01-15', 'return', 67, 2, 10),
(665, '2023-01-10', 'borrow', 68, 1, 11),
(666, '2023-01-20', 'return', 68, 1, 11),
(667, '2023-01-25', 'reserve', 68, 2, 12),
(668, '2023-01-27', 'unreserve', 68, 2, 12),
(669, '2023-02-05', 'borrow', 68, 3, 12),
(670, '2023-02-15', 'return', 68, 3, 12),
(671, '2023-02-10', 'borrow', 69, 2, 7),
(672, '2023-02-20', 'return', 69, 2, 7),
(673, '2023-02-25', 'reserve', 69, 3, 8),
(674, '2023-02-27', 'unreserve', 69, 3, 8),
(675, '2023-03-05', 'borrow', 69, 1, 8),
(676, '2023-03-15', 'return', 69, 1, 8),
(677, '2023-03-10', 'borrow', 70, 3, 9),
(678, '2023-03-20', 'return', 70, 3, 9),
(679, '2023-03-25', 'reserve', 70, 1, 10),
(680, '2023-03-27', 'unreserve', 70, 1, 10),
(681, '2023-04-05', 'borrow', 70, 2, 10),
(682, '2023-04-15', 'return', 70, 2, 10),
(683, '2023-04-10', 'borrow', 71, 1, 11),
(684, '2023-04-20', 'return', 71, 1, 11),
(685, '2023-04-25', 'reserve', 71, 2, 12),
(686, '2023-04-27', 'unreserve', 71, 2, 12),
(687, '2023-05-05', 'borrow', 71, 3, 12),
(797, '2023-04-27', 'borrow', 86, 1, 1),
(798, '2023-05-02', 'return', 86, 1, 1),
(799, '2023-04-29', 'reserve', 86, 2, 2),
(800, '2023-05-01', 'unreserve', 86, 2, 2),
(801, '2023-04-30', 'borrow', 86, 3, 2),
(802, '2023-05-04', 'return', 86, 3, 2),
(803, '2023-04-28', 'borrow', 87, 2, 3),
(804, '2023-05-03', 'return', 87, 2, 3),
(805, '2023-04-30', 'reserve', 87, 3, 4),
(806, '2023-05-02', 'unreserve', 87, 3, 4),
(807, '2023-05-01', 'borrow', 87, 1, 4),
(808, '2023-05-05', 'return', 87, 1, 4),
(809, '2023-04-29', 'borrow', 88, 3, 5),
(810, '2023-05-04', 'return', 88, 3, 5),
(811, '2023-05-01', 'reserve', 88, 1, 6),
(812, '2023-05-03', 'unreserve', 88, 1, 6),
(813, '2023-05-02', 'borrow', 88, 2, 6),
(814, '2023-05-05', 'return', 88, 2, 6),
(815, '2023-04-30', 'borrow', 89, 1, 7),
(816, '2023-05-05', 'return', 89, 1, 7),
(817, '2023-05-02', 'reserve', 89, 2, 8),
(818, '2023-05-04', 'unreserve', 89, 2, 8),
(819, '2023-05-03', 'borrow', 89, 3, 8),
(820, '2023-05-05', 'return', 89, 3, 8),
(821, '2022-06-15', 'borrow', 90, 2, 1),
(822, '2022-06-25', 'return', 90, 2, 1),
(823, '2022-06-30', 'reserve', 90, 3, 2),
(824, '2022-07-02', 'unreserve', 90, 3, 2),
(825, '2022-07-05', 'borrow', 90, 1, 2),
(826, '2022-07-15', 'return', 90, 1, 2),
(827, '2022-07-15', 'borrow', 91, 3, 3),
(828, '2022-07-25', 'return', 91, 3, 3),
(829, '2022-07-30', 'reserve', 91, 1, 4),
(830, '2022-08-01', 'unreserve', 91, 1, 4),
(831, '2022-08-05', 'borrow', 91, 2, 4),
(832, '2022-08-15', 'return', 91, 2, 4),
(833, '2022-08-15', 'borrow', 92, 1, 5),
(834, '2022-08-25', 'return', 92, 1, 5),
(835, '2022-08-30', 'reserve', 92, 2, 6),
(836, '2022-09-01', 'unreserve', 92, 2, 6),
(837, '2022-09-05', 'borrow', 92, 3, 6),
(838, '2022-09-15', 'return', 92, 3, 6),
(839, '2022-09-15', 'borrow', 93, 2, 7),
(840, '2022-09-25', 'return', 93, 2, 7),
(841, '2022-09-30', 'reserve', 93, 3, 8),
(842, '2022-10-02', 'unreserve', 93, 3, 8),
(843, '2022-10-05', 'borrow', 93, 1, 8),
(844, '2022-10-15', 'return', 93, 1, 8),
(845, '2021-08-10', 'borrow', 94, 3, 1),
(846, '2021-08-20', 'return', 94, 3, 1),
(847, '2021-08-25', 'reserve', 94, 1, 2),
(848, '2021-08-27', 'unreserve', 94, 1, 2),
(849, '2021-09-02', 'borrow', 94, 2, 2),
(850, '2021-09-12', 'return', 94, 2, 2),
(851, '2021-09-10', 'borrow', 95, 1, 3),
(852, '2021-09-20', 'return', 95, 1, 3),
(853, '2021-09-25', 'reserve', 95, 2, 4),
(854, '2021-09-27', 'unreserve', 95, 2, 4),
(855, '2021-10-02', 'borrow', 95, 3, 4),
(856, '2021-10-12', 'return', 95, 3, 4),
(857, '2021-10-10', 'borrow', 96, 2, 5),
(858, '2021-10-20', 'return', 96, 2, 5),
(859, '2021-10-25', 'reserve', 96, 3, 6),
(860, '2021-10-27', 'unreserve', 96, 3, 6),
(861, '2021-11-02', 'borrow', 96, 1, 6),
(862, '2021-11-12', 'return', 96, 1, 6),
(863, '2021-11-10', 'borrow', 97, 3, 7),
(864, '2021-11-20', 'return', 97, 3, 7),
(865, '2021-11-25', 'reserve', 97, 1, 8),
(866, '2021-11-27', 'unreserve', 97, 1, 8),
(867, '2021-12-02', 'borrow', 97, 2, 8),
(868, '2021-12-12', 'return', 97, 2, 8),
(869, '2020-03-20', 'borrow', 98, 2, 1),
(870, '2020-03-30', 'return', 98, 2, 1),
(871, '2020-04-05', 'reserve', 98, 3, 2),
(872, '2020-04-07', 'unreserve', 98, 3, 2),
(873, '2020-04-12', 'borrow', 98, 1, 2),
(874, '2020-04-22', 'return', 98, 1, 2),
(875, '2020-04-20', 'borrow', 99, 1, 3),
(876, '2020-04-30', 'return', 99, 1, 3),
(877, '2020-05-05', 'reserve', 99, 2, 4),
(878, '2020-05-07', 'unreserve', 99, 2, 4),
(879, '2020-05-12', 'borrow', 99, 3, 4),
(880, '2020-05-22', 'return', 99, 3, 4),
(881, '2020-05-20', 'borrow', 100, 3, 5),
(882, '2020-05-30', 'return', 100, 3, 5),
(883, '2020-06-05', 'reserve', 100, 1, 6),
(884, '2020-06-07', 'unreserve', 100, 1, 6),
(885, '2020-06-12', 'borrow', 100, 2, 6),
(886, '2020-06-22', 'return', 100, 2, 6),
(887, '2020-06-20', 'borrow', 101, 2, 7),
(888, '2020-06-30', 'return', 101, 2, 7),
(889, '2020-07-05', 'reserve', 101, 3, 8),
(890, '2020-07-07', 'unreserve', 101, 3, 8),
(891, '2020-07-12', 'borrow', 101, 1, 8),
(892, '2020-07-22', 'return', 101, 1, 8),
(893, '2022-01-10', 'borrow', 102, 1, 1),
(894, '2022-01-20', 'return', 102, 1, 1),
(895, '2022-01-25', 'reserve', 102, 2, 2),
(896, '2022-01-27', 'unreserve', 102, 2, 2),
(897, '2022-02-02', 'borrow', 102, 3, 2),
(898, '2022-02-12', 'return', 102, 3, 2),
(899, '2022-02-10', 'borrow', 103, 2, 3),
(900, '2022-02-20', 'return', 103, 2, 3),
(901, '2022-02-25', 'reserve', 103, 3, 4),
(902, '2022-02-27', 'unreserve', 103, 3, 4),
(903, '2022-03-02', 'borrow', 103, 1, 4),
(904, '2022-03-12', 'return', 103, 1, 4),
(905, '2022-03-10', 'borrow', 104, 3, 5),
(906, '2022-03-20', 'return', 104, 3, 5),
(907, '2022-03-25', 'reserve', 104, 1, 6),
(908, '2022-03-27', 'unreserve', 104, 1, 6),
(909, '2022-04-02', 'borrow', 104, 2, 6),
(910, '2022-04-12', 'return', 104, 2, 6),
(911, '2022-04-10', 'borrow', 105, 2, 7),
(912, '2022-04-20', 'return', 105, 2, 7),
(913, '2022-04-25', 'reserve', 105, 3, 8),
(914, '2022-04-27', 'unreserve', 105, 3, 8),
(915, '2022-05-02', 'borrow', 105, 1, 8),
(916, '2022-05-12', 'return', 105, 1, 8),
(917, '2021-05-10', 'borrow', 106, 1, 1),
(918, '2021-05-20', 'return', 106, 1, 1),
(919, '2021-05-25', 'reserve', 106, 2, 2),
(920, '2021-05-27', 'unreserve', 106, 2, 2),
(921, '2021-06-02', 'borrow', 106, 3, 2),
(922, '2021-06-12', 'return', 106, 3, 2),
(923, '2021-06-10', 'borrow', 107, 2, 3),
(924, '2021-06-20', 'return', 107, 2, 3),
(925, '2021-06-25', 'reserve', 107, 3, 4),
(926, '2021-06-27', 'unreserve', 107, 3, 4),
(927, '2021-07-02', 'borrow', 107, 1, 4),
(928, '2021-07-12', 'return', 107, 1, 4),
(929, '2021-07-10', 'borrow', 108, 3, 5),
(930, '2021-07-20', 'return', 108, 3, 5),
(931, '2021-07-25', 'reserve', 108, 1, 6),
(932, '2021-07-27', 'unreserve', 108, 1, 6),
(933, '2021-08-02', 'borrow', 108, 2, 6),
(934, '2021-08-12', 'return', 108, 2, 6),
(935, '2021-08-10', 'borrow', 109, 2, 7),
(936, '2021-08-20', 'return', 109, 2, 7),
(937, '2021-08-25', 'reserve', 109, 3, 8),
(938, '2021-08-27', 'unreserve', 109, 3, 8),
(939, '2021-09-02', 'borrow', 109, 1, 8),
(940, '2021-09-12', 'return', 109, 1, 8),
(941, '2022-01-10', 'borrow', 110, 1, 1),
(942, '2022-01-20', 'return', 110, 1, 1),
(943, '2022-01-25', 'reserve', 110, 2, 2),
(944, '2022-01-27', 'unreserve', 110, 2, 2),
(945, '2022-02-02', 'borrow', 110, 3, 2),
(946, '2022-02-12', 'return', 110, 3, 2),
(947, '2022-02-10', 'borrow', 111, 2, 3),
(948, '2022-02-20', 'return', 111, 2, 3),
(949, '2022-02-25', 'reserve', 111, 3, 4),
(950, '2022-02-27', 'unreserve', 111, 3, 4),
(951, '2022-03-02', 'borrow', 111, 1, 4),
(952, '2022-03-12', 'return', 111, 1, 4),
(953, '2022-03-10', 'borrow', 112, 3, 5),
(954, '2022-03-20', 'return', 112, 3, 5),
(955, '2022-03-25', 'reserve', 112, 1, 6),
(956, '2022-03-27', 'unreserve', 112, 1, 6),
(957, '2022-04-02', 'borrow', 112, 2, 6),
(958, '2022-04-12', 'return', 112, 2, 6),
(959, '2022-04-10', 'borrow', 113, 2, 7),
(960, '2022-04-20', 'return', 113, 2, 7),
(961, '2022-04-25', 'reserve', 113, 3, 8),
(962, '2022-04-27', 'unreserve', 113, 3, 8),
(963, '2022-05-02', 'borrow', 113, 1, 8),
(964, '2022-05-12', 'return', 113, 1, 8),
(965, '2022-06-10', 'borrow', 114, 1, 1),
(966, '2022-06-20', 'return', 114, 1, 1),
(967, '2022-06-25', 'reserve', 114, 2, 2),
(968, '2022-06-27', 'unreserve', 114, 2, 2),
(969, '2022-07-02', 'borrow', 114, 3, 2),
(970, '2022-07-12', 'return', 114, 3, 2),
(971, '2022-07-10', 'borrow', 115, 2, 3),
(972, '2022-07-20', 'return', 115, 2, 3),
(973, '2022-07-25', 'reserve', 115, 3, 4),
(974, '2022-07-27', 'unreserve', 115, 3, 4),
(975, '2022-08-02', 'borrow', 115, 1, 4),
(976, '2022-08-12', 'return', 115, 1, 4),
(977, '2022-08-10', 'borrow', 116, 3, 5),
(978, '2022-08-20', 'return', 116, 3, 5),
(979, '2022-08-25', 'reserve', 116, 1, 6),
(980, '2022-08-27', 'unreserve', 116, 1, 6),
(981, '2022-09-02', 'borrow', 116, 2, 6),
(982, '2022-09-12', 'return', 116, 2, 6),
(983, '2022-09-10', 'borrow', 117, 2, 7),
(984, '2022-09-20', 'return', 117, 2, 7),
(985, '2022-09-25', 'reserve', 117, 3, 8),
(986, '2022-09-27', 'unreserve', 117, 3, 8),
(987, '2022-10-02', 'borrow', 117, 1, 8),
(988, '2022-10-12', 'return', 117, 1, 8),
(989, '2022-10-10', 'borrow', 118, 1, 1),
(990, '2022-10-20', 'return', 118, 1, 1),
(991, '2022-10-25', 'reserve', 118, 2, 2),
(992, '2022-10-27', 'unreserve', 118, 2, 2),
(993, '2022-11-02', 'borrow', 118, 3, 2),
(994, '2022-11-12', 'return', 118, 3, 2),
(995, '2022-11-10', 'borrow', 119, 2, 3),
(996, '2022-11-20', 'return', 119, 2, 3),
(997, '2022-11-25', 'reserve', 119, 3, 4),
(998, '2022-11-27', 'unreserve', 119, 3, 4),
(999, '2022-12-02', 'borrow', 119, 1, 4),
(1000, '2022-12-12', 'return', 119, 1, 4),
(1001, '2022-12-10', 'borrow', 120, 3, 5),
(1002, '2022-12-20', 'return', 120, 3, 5),
(1003, '2022-12-25', 'reserve', 120, 1, 6),
(1004, '2022-12-27', 'unreserve', 120, 1, 6),
(1005, '2023-01-02', 'borrow', 120, 2, 6),
(1006, '2023-01-12', 'return', 120, 2, 6),
(1007, '2023-01-10', 'borrow', 121, 2, 7),
(1008, '2023-01-20', 'return', 121, 2, 7),
(1009, '2023-01-25', 'reserve', 121, 3, 8),
(1010, '2023-01-27', 'unreserve', 121, 3, 8),
(1011, '2023-02-02', 'borrow', 121, 1, 8),
(1012, '2023-02-12', 'return', 121, 1, 8),
(1013, '2023-02-10', 'borrow', 122, 1, 1),
(1014, '2023-02-20', 'return', 122, 1, 1),
(1015, '2023-02-25', 'reserve', 122, 2, 2),
(1016, '2023-02-27', 'unreserve', 122, 2, 2),
(1017, '2023-03-02', 'borrow', 122, 3, 2),
(1018, '2023-03-12', 'return', 122, 3, 2),
(1019, '2023-03-10', 'borrow', 123, 2, 3),
(1020, '2023-03-20', 'return', 123, 2, 3),
(1021, '2023-03-25', 'reserve', 123, 3, 4),
(1022, '2023-03-27', 'unreserve', 123, 3, 4),
(1023, '2023-04-02', 'borrow', 123, 1, 4),
(1024, '2023-04-12', 'return', 123, 1, 4),
(1025, '2023-04-10', 'borrow', 124, 3, 5),
(1026, '2023-04-20', 'return', 124, 3, 5),
(1027, '2023-04-25', 'reserve', 124, 1, 6),
(1028, '2023-04-27', 'unreserve', 124, 1, 6),
(1029, '2023-05-02', 'borrow', 124, 2, 6),
(1031, '2023-05-03', 'borrow', 125, 2, 7),
(1032, '2023-05-05', 'return', 125, 2, 7),
(1033, '2023-05-07', 'reserve', 125, 3, 8),
(1034, '2023-05-09', 'unreserve', 125, 3, 8),
(1037, '2023-01-10', 'borrow', 126, 1, 1),
(1038, '2023-01-20', 'return', 126, 1, 1),
(1039, '2023-01-25', 'reserve', 126, 2, 2),
(1040, '2023-01-27', 'unreserve', 126, 2, 2),
(1041, '2023-02-02', 'borrow', 126, 3, 2),
(1042, '2023-02-12', 'return', 126, 3, 2),
(1043, '2023-02-10', 'borrow', 127, 2, 3),
(1044, '2023-02-20', 'return', 127, 2, 3),
(1045, '2023-02-25', 'reserve', 127, 3, 4),
(1046, '2023-02-27', 'unreserve', 127, 3, 4),
(1047, '2023-03-02', 'borrow', 127, 1, 4),
(1048, '2023-03-12', 'return', 127, 1, 4),
(1049, '2023-03-10', 'borrow', 128, 3, 5),
(1050, '2023-03-20', 'return', 128, 3, 5),
(1051, '2023-03-25', 'reserve', 128, 1, 6),
(1052, '2023-03-27', 'unreserve', 128, 1, 6),
(1053, '2023-04-02', 'borrow', 128, 2, 6),
(1054, '2023-04-12', 'return', 128, 2, 6),
(1055, '2023-04-10', 'borrow', 129, 2, 7),
(1056, '2023-04-20', 'return', 129, 2, 7),
(1057, '2023-04-25', 'reserve', 129, 3, 8),
(1058, '2023-04-27', 'unreserve', 129, 3, 8),
(1059, '2023-05-02', 'borrow', 129, 1, 8),
(1061, '2022-11-20', 'borrow', 130, 3, 6),
(1062, '2022-11-30', 'return', 130, 3, 6),
(1063, '2022-12-05', 'reserve', 130, 1, 7),
(1064, '2022-12-07', 'unreserve', 130, 1, 7),
(1065, '2022-12-12', 'borrow', 130, 2, 7),
(1066, '2022-12-22', 'return', 130, 2, 7),
(1067, '2023-01-20', 'borrow', 131, 2, 8),
(1068, '2023-01-30', 'return', 131, 2, 8),
(1069, '2023-02-05', 'reserve', 131, 3, 9),
(1070, '2023-02-07', 'unreserve', 131, 3, 9),
(1071, '2023-02-12', 'borrow', 131, 1, 9),
(1072, '2023-02-22', 'return', 131, 1, 9),
(1073, '2023-03-20', 'borrow', 132, 1, 10),
(1074, '2023-03-30', 'return', 132, 1, 10),
(1075, '2023-04-05', 'reserve', 132, 2, 11),
(1076, '2023-04-07', 'unreserve', 132, 2, 11),
(1077, '2023-04-12', 'borrow', 132, 3, 11),
(1078, '2023-04-22', 'return', 132, 3, 11),
(1079, '2023-05-05', 'borrow', 133, 3, 12),
(1085, '2020-07-15', 'borrow', 134, 2, 26),
(1086, '2020-07-20', 'return', 134, 2, 26),
(1087, '2021-03-05', 'reserve', 134, 1, 17),
(1088, '2021-03-07', 'unreserve', 134, 1, 17),
(1089, '2021-03-12', 'borrow', 134, 3, 17),
(1090, '2021-03-22', 'return', 134, 3, 17),
(1091, '2021-08-15', 'borrow', 135, 1, 8),
(1092, '2021-08-20', 'return', 135, 1, 8),
(1093, '2021-12-05', 'reserve', 135, 3, 9),
(1094, '2021-12-07', 'unreserve', 135, 3, 9),
(1095, '2021-12-12', 'borrow', 135, 2, 9),
(1096, '2021-12-22', 'return', 135, 2, 9),
(1097, '2022-02-15', 'borrow', 136, 3, 12),
(1098, '2022-02-20', 'return', 136, 3, 12),
(1099, '2022-04-05', 'reserve', 136, 2, 18),
(1100, '2022-04-07', 'unreserve', 136, 2, 18),
(1101, '2022-04-12', 'borrow', 136, 1, 18),
(1102, '2022-04-22', 'return', 136, 1, 18),
(1103, '2022-10-15', 'borrow', 137, 1, 5),
(1104, '2022-10-20', 'return', 137, 1, 5),
(1105, '2023-01-05', 'reserve', 137, 2, 4),
(1106, '2023-01-07', 'unreserve', 137, 2, 4),
(1107, '2023-01-12', 'borrow', 137, 3, 4),
(1108, '2023-01-22', 'return', 137, 3, 4),
(1109, '2020-08-01', 'borrow', 138, 3, 29),
(1110, '2020-08-06', 'return', 138, 3, 29),
(1111, '2020-12-15', 'reserve', 138, 2, 21),
(1112, '2020-12-17', 'unreserve', 138, 2, 21),
(1113, '2020-12-22', 'borrow', 138, 1, 21),
(1114, '2020-12-29', 'return', 138, 1, 21),
(1115, '2021-06-01', 'borrow', 139, 2, 16),
(1116, '2021-06-06', 'return', 139, 2, 16),
(1117, '2021-10-15', 'reserve', 139, 3, 10),
(1118, '2021-10-17', 'unreserve', 139, 3, 10),
(1119, '2021-10-22', 'borrow', 139, 1, 10),
(1120, '2021-10-29', 'return', 139, 1, 10),
(1121, '2022-02-01', 'borrow', 140, 1, 26),
(1122, '2022-02-06', 'return', 140, 1, 26),
(1123, '2022-06-15', 'reserve', 140, 3, 9),
(1124, '2022-06-17', 'unreserve', 140, 3, 9),
(1125, '2022-06-22', 'borrow', 140, 2, 9),
(1126, '2022-06-29', 'return', 140, 2, 9),
(1127, '2022-12-01', 'borrow', 141, 2, 7),
(1128, '2022-12-06', 'return', 141, 2, 7),
(1129, '2023-03-15', 'reserve', 141, 1, 28),
(1130, '2023-03-17', 'unreserve', 141, 1, 28),
(1131, '2023-03-22', 'borrow', 141, 3, 28),
(1132, '2023-03-29', 'return', 141, 3, 28),
(1133, '2019-02-01', 'borrow', 142, 3, 27),
(1134, '2019-02-06', 'return', 142, 3, 27),
(1135, '2019-06-15', 'reserve', 142, 1, 15),
(1136, '2019-06-17', 'unreserve', 142, 1, 15),
(1137, '2019-06-22', 'borrow', 142, 2, 15),
(1138, '2019-06-29', 'return', 142, 2, 15),
(1139, '2020-01-01', 'borrow', 143, 2, 18),
(1140, '2020-01-06', 'return', 143, 2, 18),
(1141, '2020-05-15', 'reserve', 143, 3, 2),
(1142, '2020-05-17', 'unreserve', 143, 3, 2),
(1143, '2020-05-22', 'borrow', 143, 1, 2),
(1144, '2020-05-29', 'return', 143, 1, 2),
(1145, '2021-08-01', 'borrow', 144, 1, 25),
(1146, '2021-08-06', 'return', 144, 1, 25),
(1147, '2021-12-15', 'reserve', 144, 2, 20),
(1148, '2021-12-17', 'unreserve', 144, 2, 20),
(1149, '2021-12-22', 'borrow', 144, 3, 20),
(1150, '2021-12-29', 'return', 144, 3, 20),
(1151, '2022-02-01', 'borrow', 145, 3, 10),
(1152, '2022-02-06', 'return', 145, 3, 10),
(1153, '2022-06-15', 'reserve', 145, 2, 29),
(1154, '2022-06-17', 'unreserve', 145, 2, 29),
(1155, '2022-06-22', 'borrow', 145, 1, 29),
(1156, '2022-06-29', 'return', 145, 1, 29),
(1157, '2019-03-01', 'borrow', 146, 2, 7),
(1158, '2019-03-06', 'return', 146, 2, 7),
(1159, '2019-07-15', 'reserve', 146, 1, 21),
(1160, '2019-07-17', 'unreserve', 146, 1, 21),
(1161, '2019-07-22', 'borrow', 146, 3, 21),
(1162, '2019-07-29', 'return', 146, 3, 21),
(1163, '2020-02-01', 'borrow', 147, 1, 5),
(1164, '2020-02-06', 'return', 147, 1, 5),
(1165, '2020-06-15', 'reserve', 147, 3, 30),
(1166, '2020-06-17', 'unreserve', 147, 3, 30),
(1167, '2020-06-22', 'borrow', 147, 2, 30),
(1168, '2020-06-29', 'return', 147, 2, 30),
(1169, '2021-09-01', 'borrow', 148, 3, 13),
(1170, '2021-09-06', 'return', 148, 3, 13),
(1171, '2021-12-15', 'reserve', 148, 2, 25),
(1172, '2021-12-17', 'unreserve', 148, 2, 25),
(1173, '2021-12-22', 'borrow', 148, 1, 25),
(1174, '2021-12-29', 'return', 148, 1, 25),
(1175, '2022-03-01', 'borrow', 149, 1, 11),
(1176, '2022-03-06', 'return', 149, 1, 11),
(1177, '2022-07-15', 'reserve', 149, 3, 6),
(1178, '2022-07-17', 'unreserve', 149, 3, 6),
(1179, '2022-07-22', 'borrow', 149, 2, 6),
(1180, '2022-07-29', 'return', 149, 2, 6),
(1181, '2020-05-05', 'borrow', 150, 1, 10),
(1182, '2020-05-10', 'return', 150, 1, 10),
(1183, '2020-09-18', 'reserve', 150, 3, 25),
(1184, '2020-09-20', 'unreserve', 150, 3, 25),
(1185, '2020-09-25', 'borrow', 150, 2, 25),
(1186, '2020-10-02', 'return', 150, 2, 25),
(1187, '2018-06-10', 'borrow', 151, 2, 15),
(1188, '2018-06-15', 'return', 151, 2, 15),
(1189, '2019-01-20', 'reserve', 151, 1, 7),
(1190, '2019-01-22', 'unreserve', 151, 1, 7),
(1191, '2019-01-27', 'borrow', 151, 3, 7),
(1192, '2019-02-03', 'return', 151, 3, 7),
(1193, '2021-03-08', 'borrow', 152, 3, 14),
(1194, '2021-03-13', 'return', 152, 3, 14),
(1195, '2022-02-10', 'reserve', 152, 2, 19),
(1196, '2022-02-12', 'unreserve', 152, 2, 19),
(1197, '2022-02-17', 'borrow', 152, 1, 19),
(1198, '2022-02-24', 'return', 152, 1, 19),
(1199, '2019-02-15', 'borrow', 153, 1, 6),
(1200, '2019-02-23', 'return', 153, 1, 6),
(1201, '2020-06-10', 'borrow', 153, 1, 9),
(1202, '2020-06-18', 'return', 153, 1, 9),
(1203, '2020-09-05', 'borrow', 153, 1, 11),
(1204, '2020-09-11', 'return', 153, 1, 11),
(1205, '2020-12-20', 'borrow', 153, 1, 15),
(1206, '2020-12-27', 'return', 153, 1, 15),
(1207, '2021-04-10', 'borrow', 153, 1, 24),
(1208, '2021-04-17', 'return', 153, 1, 24),
(1209, '2022-03-15', 'borrow', 153, 1, 28),
(1210, '2022-03-22', 'return', 153, 1, 28),
(1211, '2022-08-10', 'borrow', 153, 1, 29),
(1212, '2022-08-17', 'return', 153, 1, 29),
(1213, '2022-12-20', 'borrow', 153, 1, 29),
(1214, '2022-12-27', 'return', 153, 1, 29),
(1215, '2018-06-10', 'borrow', 154, 2, 7),
(1216, '2018-06-18', 'return', 154, 2, 7),
(1217, '2019-01-20', 'borrow', 154, 2, 11),
(1218, '2019-01-28', 'return', 154, 2, 11),
(1219, '2019-06-10', 'borrow', 154, 2, 15),
(1220, '2019-06-18', 'return', 154, 2, 15),
(1221, '2020-02-10', 'borrow', 154, 2, 23),
(1222, '2020-02-18', 'return', 154, 2, 23),
(1223, '2021-01-20', 'borrow', 154, 2, 28),
(1224, '2021-01-28', 'return', 154, 2, 28),
(1225, '2019-02-15', 'borrow', 155, 2, 6),
(1226, '2019-02-23', 'return', 155, 2, 6),
(1227, '2020-06-10', 'borrow', 155, 2, 9),
(1228, '2020-06-18', 'return', 155, 2, 9),
(1229, '2020-09-05', 'borrow', 155, 2, 11),
(1230, '2020-09-13', 'return', 155, 2, 11),
(1231, '2020-12-20', 'borrow', 155, 2, 15),
(1232, '2020-12-28', 'return', 155, 2, 15),
(1233, '2021-04-10', 'borrow', 155, 2, 24),
(1234, '2021-04-18', 'return', 155, 2, 24),
(1235, '2022-03-15', 'borrow', 155, 2, 28),
(1236, '2022-03-23', 'return', 155, 2, 28),
(1237, '2022-08-10', 'borrow', 155, 2, 29),
(1238, '2022-08-18', 'return', 155, 2, 29),
(1239, '2022-12-20', 'borrow', 155, 2, 29),
(1240, '2022-12-28', 'return', 155, 2, 29),
(1241, '2018-06-10', 'borrow', 156, 3, 7),
(1242, '2018-06-18', 'return', 156, 3, 7),
(1243, '2019-01-20', 'borrow', 156, 3, 11),
(1244, '2019-01-28', 'return', 156, 3, 11),
(1245, '2019-06-10', 'borrow', 156, 3, 15),
(1246, '2019-06-18', 'return', 156, 3, 15),
(1247, '2020-02-10', 'borrow', 156, 3, 23),
(1248, '2020-02-18', 'return', 156, 3, 23),
(1249, '2021-01-20', 'borrow', 156, 3, 28),
(1250, '2021-01-28', 'return', 156, 3, 28),
(1251, '2019-02-15', 'borrow', 157, 1, 6),
(1252, '2019-02-21', 'return', 157, 1, 6),
(1253, '2020-06-10', 'borrow', 157, 1, 9),
(1254, '2020-06-17', 'return', 157, 1, 9),
(1255, '2020-09-05', 'borrow', 157, 1, 11),
(1256, '2020-09-11', 'return', 157, 1, 11),
(1257, '2020-12-20', 'borrow', 157, 1, 15),
(1258, '2020-12-27', 'return', 157, 1, 15),
(1259, '2021-04-10', 'borrow', 157, 1, 24),
(1260, '2021-04-17', 'return', 157, 1, 24),
(1261, '2022-03-15', 'borrow', 157, 1, 28),
(1262, '2022-03-21', 'return', 157, 1, 28),
(1263, '2022-08-10', 'borrow', 157, 1, 29),
(1264, '2022-08-16', 'return', 157, 1, 29),
(1265, '2022-12-20', 'borrow', 157, 1, 29),
(1266, '2022-12-26', 'return', 157, 1, 29),
(1267, '2018-06-10', 'borrow', 158, 2, 7),
(1268, '2018-06-18', 'return', 158, 2, 7),
(1269, '2019-01-20', 'borrow', 158, 2, 11),
(1270, '2019-01-28', 'return', 158, 2, 11),
(1271, '2019-06-10', 'borrow', 158, 2, 15),
(1272, '2019-06-18', 'return', 158, 2, 15),
(1273, '2020-02-10', 'borrow', 158, 2, 23),
(1274, '2020-02-18', 'return', 158, 2, 23),
(1275, '2018-07-15', 'borrow', 159, 3, 16),
(1276, '2018-07-24', 'return', 159, 3, 16),
(1277, '2018-09-20', 'borrow', 159, 3, 9),
(1278, '2018-09-29', 'return', 159, 3, 9),
(1279, '2018-12-05', 'borrow', 159, 3, 28),
(1280, '2018-12-14', 'return', 159, 3, 28),
(1281, '2019-02-10', 'borrow', 159, 3, 12),
(1282, '2019-02-19', 'return', 159, 3, 12),
(1283, '2019-04-30', 'borrow', 159, 3, 4),
(1284, '2019-05-09', 'return', 159, 3, 4),
(1285, '2019-08-10', 'borrow', 159, 3, 20),
(1286, '2019-08-19', 'return', 159, 3, 20),
(1287, '2020-01-25', 'borrow', 159, 3, 27),
(1288, '2020-02-03', 'return', 159, 3, 27),
(1289, '2023-05-05', 'borrow', 12, 2, 3);

--
-- Indexes for dumped tables
--

--
-- Indexes for table `item`
--
ALTER TABLE `item`
  ADD PRIMARY KEY (`item_id`),
  ADD KEY `movie_id` (`movie_id`);

--
-- Indexes for table `member`
--
ALTER TABLE `member`
  ADD PRIMARY KEY (`member_id`),
  ADD UNIQUE KEY `member_username` (`member_username`);

--
-- Indexes for table `movie`
--
ALTER TABLE `movie`
  ADD PRIMARY KEY (`movie_id`);

--
-- Indexes for table `store`
--
ALTER TABLE `store`
  ADD PRIMARY KEY (`store_id`);

--
-- Indexes for table `transaction`
--
ALTER TABLE `transaction`
  ADD PRIMARY KEY (`tran_id`),
  ADD KEY `item_id` (`item_id`),
  ADD KEY `store_id` (`store_id`),
  ADD KEY `member_id` (`member_id`);

--
-- AUTO_INCREMENT for dumped tables
--

--
-- AUTO_INCREMENT for table `item`
--
ALTER TABLE `item`
  MODIFY `item_id` int(11) NOT NULL AUTO_INCREMENT, AUTO_INCREMENT=160;

--
-- AUTO_INCREMENT for table `member`
--
ALTER TABLE `member`
  MODIFY `member_id` int(11) NOT NULL AUTO_INCREMENT, AUTO_INCREMENT=31;

--
-- AUTO_INCREMENT for table `movie`
--
ALTER TABLE `movie`
  MODIFY `movie_id` int(11) NOT NULL AUTO_INCREMENT, AUTO_INCREMENT=23;

--
-- AUTO_INCREMENT for table `store`
--
ALTER TABLE `store`
  MODIFY `store_id` int(11) NOT NULL AUTO_INCREMENT, AUTO_INCREMENT=4;

--
-- AUTO_INCREMENT for table `transaction`
--
ALTER TABLE `transaction`
  MODIFY `tran_id` int(11) NOT NULL AUTO_INCREMENT, AUTO_INCREMENT=1290;

--
-- Constraints for dumped tables
--

--
-- Constraints for table `item`
--
ALTER TABLE `item`
  ADD CONSTRAINT `item_ibfk_1` FOREIGN KEY (`movie_id`) REFERENCES `movie` (`movie_id`);

--
-- Constraints for table `transaction`
--
ALTER TABLE `transaction`
  ADD CONSTRAINT `transaction_ibfk_1` FOREIGN KEY (`item_id`) REFERENCES `item` (`item_id`),
  ADD CONSTRAINT `transaction_ibfk_2` FOREIGN KEY (`store_id`) REFERENCES `store` (`store_id`),
  ADD CONSTRAINT `transaction_ibfk_3` FOREIGN KEY (`member_id`) REFERENCES `member` (`member_id`);
COMMIT;

/*!40101 SET CHARACTER_SET_CLIENT=@OLD_CHARACTER_SET_CLIENT */;
/*!40101 SET CHARACTER_SET_RESULTS=@OLD_CHARACTER_SET_RESULTS */;
/*!40101 SET COLLATION_CONNECTION=@OLD_COLLATION_CONNECTION */;
